{
    "0": 1.095810281,
    "1": 1.047430337,
    "2": 1.023875868,
    "3": 1.083985207,
    "4": 1
}



